<uc-export clientvers="9.00A233-561"><JOBS_WINDOWS AttrType="WINDOWS" client="0924" name="ARCHIVE.ALL.CLIENTS" system="UC4WA9"><XHEADER state="1"><Title/><Created>Jenn J on: 2013-01-18 10:56:59</Created><Modified>Jenn J on: 2013-01-18 11:16:59      2 x</Modified><LastUsed/><ArchiveKey1/><ArchiveKey2/><ExtRepDef>1</ExtRepDef><ExtRepAll>0</ExtRepAll><ExtRepNone>0</ExtRepNone></XHEADER><OUTPUTREG state="1" tidy="1"><FileReg/></OUTPUTREG><SYNCREF state="1"><Syncs/></SYNCREF><ATTR_JOBS state="1"><Queue>CLIENT_QUEUE</Queue><StartType/><HostDst>WINDOWS|<WIN>|HOST</HostDst><HostATTR_Type>WINDOWS</HostATTR_Type><CodeName/><Login/><IntAccount/><AutoDeactNo>0</AutoDeactNo><AutoDeact1ErrorFree>0</AutoDeact1ErrorFree><AutoDeactErrorFree>0</AutoDeactErrorFree><DeactWhen/><DeactDelay>0</DeactDelay><AutoDeactAlways>1</AutoDeactAlways><AttDialog>0</AttDialog><ActAtRun>0</ActAtRun><Consumption>0</Consumption><UC4Priority>0</UC4Priority><MaxParallel2>0</MaxParallel2><MpElse1>1</MpElse1><MpElse2>0</MpElse2><TZ/></ATTR_JOBS><ATTR_WINDOWS state="1"><OutputDb>1</OutputDb><OutputDbErr>0</OutputDbErr><OutputFile>0</OutputFile><IsGenerated>0</IsGenerated><BAT>1</BAT><COM>0</COM><WinBatch>0</WinBatch><Standard>1</Standard><Minimized>0</Minimized><Maximized>0</Maximized><JObjDefault>1</JObjDefault><JObjYes>0</JObjYes><JObjNo>0</JObjNo><WorkingDirectory>c:\</WorkingDirectory><Command/><LogOn>0</LogOn><ShowJob>0</ShowJob></ATTR_WINDOWS><RUNTIME state="1"><MaxRetCode>0</MaxRetCode><MrcExecute/><MrcElseE>0</MrcElseE><FcstStatus>0| </FcstStatus><Ert>0</Ert><ErtMethodDef>1</ErtMethodDef><ErtMethodFix>0</ErtMethodFix><ErtFix>0</ErtFix><ErtDynMethod>2|Average</ErtDynMethod><ErtMethodDyn>0</ErtMethodDyn><ErtCnt>0</ErtCnt><ErtCorr>0</ErtCorr><ErtIgn>0</ErtIgn><ErtIgnFlg>0</ErtIgnFlg><ErtMinCnt>0</ErtMinCnt><MrtMethodNone>1</MrtMethodNone><MrtMethodFix>0</MrtMethodFix><MrtFix>0</MrtFix><MrtMethodErt>0</MrtMethodErt><MrtErt>0</MrtErt><MrtMethodDate>0</MrtMethodDate><MrtDays>0</MrtDays><MrtTime>00:00</MrtTime><MrtTZ/><SrtMethodNone>1</SrtMethodNone><SrtMethodFix>0</SrtMethodFix><SrtFix>0</SrtFix><SrtMethodErt>0</SrtMethodErt><SrtErt>0</SrtErt><MrtCancel>0</MrtCancel><MrtExecute>0</MrtExecute><MrtExecuteObj/></RUNTIME><DYNVALUES state="1"><dyntree><node content="1" id="VALUE" name="Variables" parent="" type="VALUE"><VALUE state="1"><Values/><Mode>0</Mode></VALUE></node></dyntree></DYNVALUES><ROLLBACK state="1" tidy="1"><RollbackFlag>0</RollbackFlag><CBackupObj/><CRollbackObj/><FBackupPath/><FDeleteBefore>0</FDeleteBefore><FInclSubDirs>0</FInclSubDirs></ROLLBACK><PRE_SCRIPT mode="1" replacementmode="1" state="1" tidy="1"><PSCRI/></PRE_SCRIPT><SCRIPT mode="1" state="1" tidy="0"><MSCRI>
! Prep_Process script reads the list of Clients returned from SQL Variable CLIENTS
:set &clnt#=prep_process_var(CLIENTS)
:process &clnt#
:  set &num#=get_process_line(&clnt#,1)

! Archive Batch Command
<path to Utiltiy Bin directory>\ucybdbar -B -S&num#
! ie, C:\uc4\utility\bin\ucybdbar -B -S&num#
!
@set retcode=%errorlevel%
@if NOT %ERRORLEVEL% == 0 goto :retcode
:endprocess
:close_process &clnt#

</MSCRI></SCRIPT><OUTPUTSCAN state="1"><Inherit>N</Inherit><filterobjects/><HostFsc/><LoginFsc/></OUTPUTSCAN><POST_SCRIPT mode="1" replacementmode="1" state="1" tidy="1"><OSCRI/></POST_SCRIPT><DOCU_Docu state="1" type="text"><DOC/></DOCU_Docu><DOCU_Principal- state="1" type="xml"><DOC/></DOCU_Principal-></JOBS_WINDOWS><VARA OVD_VRName="FREI" client="0924" data_type="SQLI" name="CLIENTS" replacementmode="2" system="UC4WA9"><HEADER state="1"><Title>Query Clients</Title><Created>Jenn J on: 2013-01-18 11:00:46</Created><Modified>Jenn J on: 2013-01-18 11:02:53      2 x</Modified><LastUsed/><ArchiveKey1/><ArchiveKey2/></HEADER><ATTR_VARA state="1"><Type>C|Text</Type><lblSource>SQL - internal</lblSource><source>SQLI</source><VRName>FREI|Freely selected</VRName><NotFoundErr>0</NotFoundErr><NotFoundDef>1</NotFoundDef><ShareN>0</ShareN><ShareL>0</ShareL><ShareR>0</ShareR><MaxValue_C>1024</MaxValue_C><CheckMax_C>0</CheckMax_C><uppercase>0</uppercase><sortColumn>0</sortColumn><sortDirection>0</sortDirection></ATTR_VARA><VARA state="1"><SQLI internal="YES"><command.sql/><command.ora>select oh_name from oh where oh_otype='CLNT' and oh_name <>'CLNT'</command.ora><command.db2/><BindParams><row Lnr="OVB_Lnr" Value="OVB_Value" id="OVB_OH_Idnr"/></BindParams><resultformat/><infobar>U4002751 Attention: There is a variable-replacement restriction in case of security limits (SQLVAR_SECURITY_LEVEL)!</infobar></SQLI></VARA><DOCU_Docu state="1" type="text"><DOC/></DOCU_Docu></VARA><JOBS_WINDOWS AttrType="WINDOWS" client="0924" name="MAINTENANCE.UNLOAD" system="UC4WA9"><XHEADER state="1"><Title/><Created>Jenn J on: 2013-01-18 11:18:03</Created><Modified>Jenn J on: 2013-01-18 11:19:20      2 x</Modified><LastUsed/><ArchiveKey1/><ArchiveKey2/><ExtRepDef>1</ExtRepDef><ExtRepAll>0</ExtRepAll><ExtRepNone>0</ExtRepNone></XHEADER><OUTPUTREG state="1" tidy="1"><FileReg/></OUTPUTREG><SYNCREF state="1"><Syncs/></SYNCREF><ATTR_JOBS state="1"><Queue>CLIENT_QUEUE</Queue><StartType/><HostDst>WINDOWS|<WIN>|HOST</HostDst><HostATTR_Type>WINDOWS</HostATTR_Type><CodeName/><Login/><IntAccount/><AutoDeactNo>0</AutoDeactNo><AutoDeact1ErrorFree>0</AutoDeact1ErrorFree><AutoDeactErrorFree>0</AutoDeactErrorFree><DeactWhen/><DeactDelay>0</DeactDelay><AutoDeactAlways>1</AutoDeactAlways><AttDialog>0</AttDialog><ActAtRun>0</ActAtRun><Consumption>0</Consumption><UC4Priority>0</UC4Priority><MaxParallel2>0</MaxParallel2><MpElse1>1</MpElse1><MpElse2>0</MpElse2><TZ/></ATTR_JOBS><ATTR_WINDOWS state="1"><OutputDb>1</OutputDb><OutputDbErr>0</OutputDbErr><OutputFile>0</OutputFile><IsGenerated>0</IsGenerated><BAT>1</BAT><COM>0</COM><WinBatch>0</WinBatch><Standard>1</Standard><Minimized>0</Minimized><Maximized>0</Maximized><JObjDefault>1</JObjDefault><JObjYes>0</JObjYes><JObjNo>0</JObjNo><WorkingDirectory>c:\</WorkingDirectory><Command/><LogOn>0</LogOn><ShowJob>0</ShowJob></ATTR_WINDOWS><RUNTIME state="1"><MaxRetCode>0</MaxRetCode><MrcExecute/><MrcElseE>0</MrcElseE><FcstStatus>0| </FcstStatus><Ert>0</Ert><ErtMethodDef>1</ErtMethodDef><ErtMethodFix>0</ErtMethodFix><ErtFix>0</ErtFix><ErtDynMethod>2|Average</ErtDynMethod><ErtMethodDyn>0</ErtMethodDyn><ErtCnt>0</ErtCnt><ErtCorr>0</ErtCorr><ErtIgn>0</ErtIgn><ErtIgnFlg>0</ErtIgnFlg><ErtMinCnt>0</ErtMinCnt><MrtMethodNone>1</MrtMethodNone><MrtMethodFix>0</MrtMethodFix><MrtFix>0</MrtFix><MrtMethodErt>0</MrtMethodErt><MrtErt>0</MrtErt><MrtMethodDate>0</MrtMethodDate><MrtDays>0</MrtDays><MrtTime>00:00</MrtTime><MrtTZ/><SrtMethodNone>1</SrtMethodNone><SrtMethodFix>0</SrtMethodFix><SrtFix>0</SrtFix><SrtMethodErt>0</SrtMethodErt><SrtErt>0</SrtErt><MrtCancel>0</MrtCancel><MrtExecute>0</MrtExecute><MrtExecuteObj/></RUNTIME><DYNVALUES state="1"><dyntree><node content="1" id="VALUE" name="Variables" parent="" type="VALUE"><VALUE state="1"><Values/><Mode>0</Mode></VALUE></node></dyntree></DYNVALUES><ROLLBACK state="1" tidy="1"><RollbackFlag>0</RollbackFlag><CBackupObj/><CRollbackObj/><FBackupPath/><FDeleteBefore>0</FDeleteBefore><FInclSubDirs>0</FInclSubDirs></ROLLBACK><PRE_SCRIPT mode="1" replacementmode="1" state="1" tidy="1"><PSCRI/></PRE_SCRIPT><SCRIPT mode="1" state="1" tidy="0"><MSCRI>! Unload Reorg Batch Command
<path to Utiltiy Bin directory>\ucybdbun -BREORG
! ie, C:\uc4\utility\bin\ucybdbar -BREORG

@set retcode=%errorlevel%
@if NOT %ERRORLEVEL% == 0 goto :retcode
</MSCRI></SCRIPT><OUTPUTSCAN state="1"><Inherit>N</Inherit><filterobjects/><HostFsc/><LoginFsc/></OUTPUTSCAN><POST_SCRIPT mode="1" replacementmode="1" state="1" tidy="1"><OSCRI/></POST_SCRIPT><DOCU_Docu state="1" type="text"><DOC/></DOCU_Docu><DOCU_Principal- state="1" type="xml"><DOC/></DOCU_Principal-></JOBS_WINDOWS><JOBP AllowExternal="1" client="0924" name="MAINTENANCE.WF.WINDOWS" system="UC4WA9"><XHEADER state="1"><Title/><Created>Jenn J on: 2013-01-18 11:20:42</Created><Modified>Jenn J on: 2013-01-18 11:22:31      4 x</Modified><LastUsed/><ArchiveKey1/><ArchiveKey2/><ExtRepDef>1</ExtRepDef><ExtRepAll>0</ExtRepAll><ExtRepNone>0</ExtRepNone></XHEADER><SYNCREF state="1"><Syncs/></SYNCREF><ATTR_JOBP state="1"><Queue>CLIENT_QUEUE</Queue><ChildQueue/><StartType/><IntAccount/><AutoDeactNo>0</AutoDeactNo><AutoDeact1ErrorFree>0</AutoDeact1ErrorFree><AutoDeactErrorFree>1</AutoDeactErrorFree><DeactWhen/><AutoDeactAlways>0</AutoDeactAlways><DeactDelay>0</DeactDelay><ActAtRun>0</ActAtRun><UC4Priority>0</UC4Priority><MaxParallel2>0</MaxParallel2><ReuseHG>1</ReuseHG><MpElse1>1</MpElse1><MpElse2>0</MpElse2><TZ/><RWhen/><RExecute/><JPA_SubType/></ATTR_JOBP><JOBP state="1"><JobpStruct mode="design"><task Alias="" BranchType="0" Col="1" Idnr="0" Lnr="1" OH_TITLE="" OType="<START>" Object="START" ParentAlias="" ParentObject="" Row="1" State="" Text1="" Text2="" Text3="<START>" Text4="" Text5="" Text6="" runid="0" subType="" taskicon="<START>"><checkpoint RollbackFlag="0" RunPerPatch="0" RunPerTarget="0" TcpADays="0" TcpATime="00:00" TcpATimeTZ="" TcpExecute="" TcpOn="0" promptatgen="0" showprompt="0"/><after ActFlg="1" AtimOn="0" ErlstStDays="0" ErlstStTime="00:00" ErlstStTimeTZ="" HoldFlg="0"/><when ChkWhenExec="0" LtstEnd="0" LtstEndDays="0" LtstEndTime="00:00" LtstSt="0" LtstStDays="0" LtstStTime="00:00" LtstTimeTZ="" WCTypeAND="1" WCTypeOR="0" WElseA="0" WElseH="0" WElseS="1" WElseX="0" WhenExecute="" WtimOn="0"/><preconditions CCTypeOne="1" CaleOn="0"><PreCon><conditions id="CONDITIONS"/></PreCon></preconditions><predecessors/><runtime MrtCancel="0" MrtDays="0" MrtErt="0" MrtExecute="0" MrtExecuteObj="" MrtFix="0" MrtMethodDate="0" MrtMethodErt="0" MrtMethodFix="0" MrtMethodNone="1" MrtOn="1" MrtTZ="" MrtTime="00:00" SrtErt="0" SrtFix="0" SrtMethodErt="0" SrtMethodFix="0" SrtMethodNone="1"/><result ChkRExec="0" RElseHalt="0" RElseIgn="0" RElseJPAbend="0" RExecFlag="0" RExecute="" RRepMTimes="0" RRepOn="0" RRepWait="0" RWhen=""/><dynvalues><dyntree CCTypeOne="1" CaleOn="0"><node content="1" id="VALUE" name="Variables" parent="" type="TASKVALUE"><VALUE state="2"><Values/><Mode>0</Mode></VALUE></node><node content="1" id="PVALUE" name="Parent Variables" parent="" type="TASKVALUE"><VALUE state="2"><Values/><Mode>0</Mode></VALUE></node><node content="1" id="PRPTS" name="PromptSets" parent="" pref="1" type="PROMPTSET"/><node content="0" id="PPRPTS" name="Parent PromptSets" parent="" type="PPROMPTSET"/></dyntree></dynvalues><CIT CCTypeOne="1" CaleOn="0"/><calendars CCTypeAll="0" CCTypeExt="0" CCTypeNone="0" CCTypeOne="1" CaleOn="0"/><postconditions CCTypeOne="1" CaleOn="0"><PostCon><conditions id="CONDITIONS"/></PostCon></postconditions></task><task Alias="" BranchType="0" Col="2" Idnr="1198016" Lnr="2" OH_TITLE="" OType="JOBS" Object="ARCHIVE.ALL.CLIENTS" ParentAlias="" ParentObject="" Row="1" State="" Text1="" Text2="" Text3="<WIN>|windows_s:_jobs_l" Text4="" Text5="" Text6="" runid="0" subType="" taskicon="<WIN>|windows_s:_jobs_l"><checkpoint RollbackFlag="1" RunPerPatch="0" RunPerTarget="0" TcpADays="0" TcpATime="00:00" TcpATimeTZ="" TcpExecute="" TcpOn="0" promptatgen="0" showprompt="0"/><after ActFlg="1" AtimOn="0" ErlstStDays="0" ErlstStTime="00:00" ErlstStTimeTZ="" HoldFlg="0"/><when ChkWhenExec="0" LtstEnd="0" LtstEndDays="0" LtstEndTime="00:00" LtstSt="0" LtstStDays="0" LtstStTime="00:00" LtstTimeTZ="" WCTypeAND="1" WCTypeOR="0" WElseA="0" WElseH="1" WElseS="0" WElseX="0" WhenExecute="" WtimOn="0"/><preconditions CCTypeOne="1" CaleOn="0"><PreCon><conditions id="CONDITIONS"/></PreCon></preconditions><predecessors><pre BranchType="0" Lnr="1" PreLnr="1" When="" type="container"/></predecessors><runtime MrtCancel="0" MrtDays="0" MrtErt="0" MrtExecute="0" MrtExecuteObj="" MrtFix="0" MrtMethodDate="0" MrtMethodErt="0" MrtMethodFix="0" MrtMethodNone="1" MrtOn="1" MrtTZ="" MrtTime="00:00" SrtErt="0" SrtFix="0" SrtMethodErt="0" SrtMethodFix="0" SrtMethodNone="1"/><result ChkRExec="0" RElseHalt="1" RElseIgn="0" RElseJPAbend="0" RExecFlag="0" RExecute="" RRepMTimes="0" RRepOn="0" RRepWait="0" RWhen=""/><dynvalues><dyntree CCTypeOne="1" CaleOn="0"><node content="1" id="VALUE" name="Variables" parent="" type="TASKVALUE"><VALUE state="2"><Values/><Mode>0</Mode></VALUE></node><node content="1" id="PVALUE" name="Parent Variables" parent="" type="TASKVALUE"><VALUE state="2"><Values/><Mode>0</Mode></VALUE></node><node content="1" id="PRPTS" name="PromptSets" parent="" pref="1" type="PROMPTSET"/><node content="0" id="PPRPTS" name="Parent PromptSets" parent="" type="PPROMPTSET"/></dyntree></dynvalues><CIT CCTypeOne="1" CaleOn="0"/><calendars CCTypeAll="0" CCTypeExt="0" CCTypeNone="0" CCTypeOne="1" CaleOn="0"/><postconditions CCTypeOne="1" CaleOn="0"><PostCon><conditions id="CONDITIONS"/></PostCon></postconditions></task><task Alias="" BranchType="0" Col="3" Idnr="1198018" Lnr="3" OH_TITLE="" OType="JOBS" Object="REORG.ALL.CLIENTS" ParentAlias="" ParentObject="" Row="1" State="" Text1="" Text2="" Text3="<WIN>|windows_s:_jobs_l" Text4="" Text5="" Text6="" runid="0" subType="" taskicon="<WIN>|windows_s:_jobs_l"><checkpoint RollbackFlag="1" RunPerPatch="0" RunPerTarget="0" TcpADays="0" TcpATime="00:00" TcpATimeTZ="" TcpExecute="" TcpOn="0" promptatgen="0" showprompt="0"/><after ActFlg="1" AtimOn="0" ErlstStDays="0" ErlstStTime="00:00" ErlstStTimeTZ="" HoldFlg="0"/><when ChkWhenExec="0" LtstEnd="0" LtstEndDays="0" LtstEndTime="00:00" LtstSt="0" LtstStDays="0" LtstStTime="00:00" LtstTimeTZ="" WCTypeAND="1" WCTypeOR="0" WElseA="0" WElseH="1" WElseS="0" WElseX="0" WhenExecute="" WtimOn="0"/><preconditions CCTypeOne="1" CaleOn="0"><PreCon><conditions id="CONDITIONS"/></PreCon></preconditions><predecessors><pre BranchType="0" Lnr="1" PreLnr="2" When="" type="container"/></predecessors><runtime MrtCancel="0" MrtDays="0" MrtErt="0" MrtExecute="0" MrtExecuteObj="" MrtFix="0" MrtMethodDate="0" MrtMethodErt="0" MrtMethodFix="0" MrtMethodNone="1" MrtOn="1" MrtTZ="" MrtTime="00:00" SrtErt="0" SrtFix="0" SrtMethodErt="0" SrtMethodFix="0" SrtMethodNone="1"/><result ChkRExec="0" RElseHalt="1" RElseIgn="0" RElseJPAbend="0" RExecFlag="0" RExecute="" RRepMTimes="0" RRepOn="0" RRepWait="0" RWhen=""/><dynvalues><dyntree CCTypeOne="1" CaleOn="0"><node content="1" id="VALUE" name="Variables" parent="" type="TASKVALUE"><VALUE state="2"><Values/><Mode>0</Mode></VALUE></node><node content="1" id="PVALUE" name="Parent Variables" parent="" type="TASKVALUE"><VALUE state="2"><Values/><Mode>0</Mode></VALUE></node><node content="1" id="PRPTS" name="PromptSets" parent="" pref="1" type="PROMPTSET"/><node content="0" id="PPRPTS" name="Parent PromptSets" parent="" type="PPROMPTSET"/></dyntree></dynvalues><CIT CCTypeOne="1" CaleOn="0"/><calendars CCTypeAll="0" CCTypeExt="0" CCTypeNone="0" CCTypeOne="1" CaleOn="0"/><postconditions CCTypeOne="1" CaleOn="0"><PostCon><conditions id="CONDITIONS"/></PostCon></postconditions></task><task Alias="" BranchType="0" Col="4" Idnr="1198019" Lnr="4" OH_TITLE="" OType="JOBS" Object="MAINTENANCE.UNLOAD" ParentAlias="" ParentObject="" Row="1" State="" Text1="" Text2="" Text3="<WIN>|windows_s:_jobs_l" Text4="" Text5="" Text6="" runid="0" subType="" taskicon="<WIN>|windows_s:_jobs_l"><checkpoint RollbackFlag="1" RunPerPatch="0" RunPerTarget="0" TcpADays="0" TcpATime="00:00" TcpATimeTZ="" TcpExecute="" TcpOn="0" promptatgen="0" showprompt="0"/><after ActFlg="1" AtimOn="0" ErlstStDays="0" ErlstStTime="00:00" ErlstStTimeTZ="" HoldFlg="0"/><when ChkWhenExec="0" LtstEnd="0" LtstEndDays="0" LtstEndTime="00:00" LtstSt="0" LtstStDays="0" LtstStTime="00:00" LtstTimeTZ="" WCTypeAND="1" WCTypeOR="0" WElseA="0" WElseH="1" WElseS="0" WElseX="0" WhenExecute="" WtimOn="0"/><preconditions CCTypeOne="1" CaleOn="0"><PreCon><conditions id="CONDITIONS"/></PreCon></preconditions><predecessors><pre BranchType="0" Lnr="1" PreLnr="3" When="" type="container"/></predecessors><runtime MrtCancel="0" MrtDays="0" MrtErt="0" MrtExecute="0" MrtExecuteObj="" MrtFix="0" MrtMethodDate="0" MrtMethodErt="0" MrtMethodFix="0" MrtMethodNone="1" MrtOn="1" MrtTZ="" MrtTime="00:00" SrtErt="0" SrtFix="0" SrtMethodErt="0" SrtMethodFix="0" SrtMethodNone="1"/><result ChkRExec="0" RElseHalt="1" RElseIgn="0" RElseJPAbend="0" RExecFlag="0" RExecute="" RRepMTimes="0" RRepOn="0" RRepWait="0" RWhen=""/><dynvalues><dyntree CCTypeOne="1" CaleOn="0"><node content="1" id="VALUE" name="Variables" parent="" type="TASKVALUE"><VALUE state="2"><Values/><Mode>0</Mode></VALUE></node><node content="1" id="PVALUE" name="Parent Variables" parent="" type="TASKVALUE"><VALUE state="2"><Values/><Mode>0</Mode></VALUE></node><node content="1" id="PRPTS" name="PromptSets" parent="" pref="1" type="PROMPTSET"/><node content="0" id="PPRPTS" name="Parent PromptSets" parent="" type="PPROMPTSET"/></dyntree></dynvalues><CIT CCTypeOne="1" CaleOn="0"/><calendars CCTypeAll="0" CCTypeExt="0" CCTypeNone="0" CCTypeOne="1" CaleOn="0"/><postconditions CCTypeOne="1" CaleOn="0"><PostCon><conditions id="CONDITIONS"/></PostCon></postconditions></task><task Alias="" BranchType="0" Col="5" Idnr="0" Lnr="5" OH_TITLE="" OType="<END>" Object="END" ParentAlias="" ParentObject="" Row="1" State="" Text1="" Text2="" Text3="<END>" Text4="" Text5="" Text6="" runid="0" subType="" taskicon="<END>"><checkpoint RollbackFlag="0" RunPerPatch="0" RunPerTarget="0" TcpADays="0" TcpATime="00:00" TcpATimeTZ="" TcpExecute="" TcpOn="0" promptatgen="0" showprompt="0"/><after ActFlg="1" AtimOn="0" ErlstStDays="0" ErlstStTime="00:00" ErlstStTimeTZ="" HoldFlg="0"/><when ChkWhenExec="0" LtstEnd="0" LtstEndDays="0" LtstEndTime="00:00" LtstSt="0" LtstStDays="0" LtstStTime="00:00" LtstTimeTZ="" WCTypeAND="1" WCTypeOR="0" WElseA="0" WElseH="1" WElseS="0" WElseX="0" WhenExecute="" WtimOn="0"/><preconditions CCTypeOne="1" CaleOn="0"><PreCon><conditions id="CONDITIONS"/></PreCon></preconditions><predecessors><pre BranchType="0" Lnr="1" PreLnr="4" When="" type="container"/></predecessors><runtime MrtCancel="0" MrtDays="0" MrtErt="0" MrtExecute="0" MrtExecuteObj="" MrtFix="0" MrtMethodDate="0" MrtMethodErt="0" MrtMethodFix="0" MrtMethodNone="1" MrtOn="1" MrtTZ="" MrtTime="00:00" SrtErt="0" SrtFix="0" SrtMethodErt="0" SrtMethodFix="0" SrtMethodNone="1"/><result ChkRExec="0" RElseHalt="0" RElseIgn="0" RElseJPAbend="0" RExecFlag="0" RExecute="" RRepMTimes="0" RRepOn="0" RRepWait="0" RWhen=""/><dynvalues><dyntree CCTypeOne="1" CaleOn="0"><node content="1" id="VALUE" name="Variables" parent="" type="TASKVALUE"><VALUE state="2"><Values/><Mode>0</Mode></VALUE></node><node content="1" id="PVALUE" name="Parent Variables" parent="" type="TASKVALUE"><VALUE state="2"><Values/><Mode>0</Mode></VALUE></node><node content="1" id="PRPTS" name="PromptSets" parent="" pref="1" type="PROMPTSET"/><node content="0" id="PPRPTS" name="Parent PromptSets" parent="" type="PPROMPTSET"/></dyntree></dynvalues><CIT CCTypeOne="1" CaleOn="0"/><calendars CCTypeAll="0" CCTypeExt="0" CCTypeNone="0" CCTypeOne="1" CaleOn="0"/><postconditions CCTypeOne="1" CaleOn="0"><PostCon><conditions id="CONDITIONS"/></PostCon></postconditions></task><OPTIONS/></JobpStruct></JOBP><RUNTIME state="1"><MaxRetCode>0</MaxRetCode><MrcExecute/><MrcElseE>0</MrcElseE><FcstStatus>0| </FcstStatus><Ert>0</Ert><ErtMethodDef>1</ErtMethodDef><ErtMethodFix>0</ErtMethodFix><ErtFix>0</ErtFix><ErtDynMethod>2|Average</ErtDynMethod><ErtMethodDyn>0</ErtMethodDyn><ErtCnt>0</ErtCnt><ErtCorr>0</ErtCorr><ErtIgn>0</ErtIgn><ErtIgnFlg>0</ErtIgnFlg><ErtMinCnt>0</ErtMinCnt><MrtMethodNone>1</MrtMethodNone><MrtMethodFix>0</MrtMethodFix><MrtFix>0</MrtFix><MrtMethodErt>0</MrtMethodErt><MrtErt>0</MrtErt><MrtMethodDate>0</MrtMethodDate><MrtDays>0</MrtDays><MrtTime>00:00</MrtTime><MrtTZ/><SrtMethodNone>1</SrtMethodNone><SrtMethodFix>0</SrtMethodFix><SrtFix>0</SrtFix><SrtMethodErt>0</SrtMethodErt><SrtErt>0</SrtErt><MrtCancel>0</MrtCancel><MrtExecute>0</MrtExecute><MrtExecuteObj/></RUNTIME><DYNVALUES state="1"><dyntree><node content="1" id="VALUE" name="Variables" parent="" type="VALUE"><VALUE state="1"><Values/><Mode>0</Mode></VALUE></node></dyntree></DYNVALUES><DEPLOYMENT state="1" tidy="1"><DeploymentFlag>0</DeploymentFlag><WFTypeA>1</WFTypeA><WFTypeC>0</WFTypeC><AppName/><WFName/><ComponentName/></DEPLOYMENT><ROLLBACK state="1" tidy="1"><RollbackFlag>0</RollbackFlag><CBackupObj/><CRollbackObj/><FBackupPath/><FDeleteBefore>0</FDeleteBefore><FInclSubDirs>0</FInclSubDirs></ROLLBACK><SCRIPT mode="1" state="1" tidy="1"><MSCRI/></SCRIPT><DOCU_Docu state="1" type="text"><DOC/></DOCU_Docu><DOCU_Dem- state="1" type="xml"><DOC/></DOCU_Dem-></JOBP><JOBS_WINDOWS AttrType="WINDOWS" client="0924" name="REORG.ALL.CLIENTS" system="UC4WA9"><XHEADER state="1"><Title/><Created>Jenn J on: 2013-01-18 11:17:11</Created><Modified>Jenn J on: 2013-01-18 11:17:37      2 x</Modified><LastUsed/><ArchiveKey1/><ArchiveKey2/><ExtRepDef>1</ExtRepDef><ExtRepAll>0</ExtRepAll><ExtRepNone>0</ExtRepNone></XHEADER><OUTPUTREG state="1" tidy="1"><FileReg/></OUTPUTREG><SYNCREF state="1"><Syncs/></SYNCREF><ATTR_JOBS state="1"><Queue>CLIENT_QUEUE</Queue><StartType/><HostDst>WINDOWS|<WIN>|HOST</HostDst><HostATTR_Type>WINDOWS</HostATTR_Type><CodeName/><Login/><IntAccount/><AutoDeactNo>0</AutoDeactNo><AutoDeact1ErrorFree>0</AutoDeact1ErrorFree><AutoDeactErrorFree>0</AutoDeactErrorFree><DeactWhen/><DeactDelay>0</DeactDelay><AutoDeactAlways>1</AutoDeactAlways><AttDialog>0</AttDialog><ActAtRun>0</ActAtRun><Consumption>0</Consumption><UC4Priority>0</UC4Priority><MaxParallel2>0</MaxParallel2><MpElse1>1</MpElse1><MpElse2>0</MpElse2><TZ/></ATTR_JOBS><ATTR_WINDOWS state="1"><OutputDb>1</OutputDb><OutputDbErr>0</OutputDbErr><OutputFile>0</OutputFile><IsGenerated>0</IsGenerated><BAT>1</BAT><COM>0</COM><WinBatch>0</WinBatch><Standard>1</Standard><Minimized>0</Minimized><Maximized>0</Maximized><JObjDefault>1</JObjDefault><JObjYes>0</JObjYes><JObjNo>0</JObjNo><WorkingDirectory>c:\</WorkingDirectory><Command/><LogOn>0</LogOn><ShowJob>0</ShowJob></ATTR_WINDOWS><RUNTIME state="1"><MaxRetCode>0</MaxRetCode><MrcExecute/><MrcElseE>0</MrcElseE><FcstStatus>0| </FcstStatus><Ert>0</Ert><ErtMethodDef>1</ErtMethodDef><ErtMethodFix>0</ErtMethodFix><ErtFix>0</ErtFix><ErtDynMethod>2|Average</ErtDynMethod><ErtMethodDyn>0</ErtMethodDyn><ErtCnt>0</ErtCnt><ErtCorr>0</ErtCorr><ErtIgn>0</ErtIgn><ErtIgnFlg>0</ErtIgnFlg><ErtMinCnt>0</ErtMinCnt><MrtMethodNone>1</MrtMethodNone><MrtMethodFix>0</MrtMethodFix><MrtFix>0</MrtFix><MrtMethodErt>0</MrtMethodErt><MrtErt>0</MrtErt><MrtMethodDate>0</MrtMethodDate><MrtDays>0</MrtDays><MrtTime>00:00</MrtTime><MrtTZ/><SrtMethodNone>1</SrtMethodNone><SrtMethodFix>0</SrtMethodFix><SrtFix>0</SrtFix><SrtMethodErt>0</SrtMethodErt><SrtErt>0</SrtErt><MrtCancel>0</MrtCancel><MrtExecute>0</MrtExecute><MrtExecuteObj/></RUNTIME><DYNVALUES state="1"><dyntree><node content="1" id="VALUE" name="Variables" parent="" type="VALUE"><VALUE state="1"><Values/><Mode>0</Mode></VALUE></node></dyntree></DYNVALUES><ROLLBACK state="1" tidy="1"><RollbackFlag>0</RollbackFlag><CBackupObj/><CRollbackObj/><FBackupPath/><FDeleteBefore>0</FDeleteBefore><FInclSubDirs>0</FInclSubDirs></ROLLBACK><PRE_SCRIPT mode="1" replacementmode="1" state="1" tidy="1"><PSCRI/></PRE_SCRIPT><SCRIPT mode="1" state="1" tidy="0"><MSCRI>
! Prep_Process script reads the list of Clients returned from SQL Variable CLIENTS
:set &clnt#=prep_process_var(CLIENTS)
:process &clnt#
:  set &num#=get_process_line(&clnt#,1)

! Reorg Batch Command
<path to Utiltiy Bin directory>\ucybdbre -B -S&num#
! ie, C:\uc4\utility\bin\ucybdbre -B -S&num#
!
@set retcode=%errorlevel%
@if NOT %ERRORLEVEL% == 0 goto :retcode
:endprocess
:close_process &clnt#

</MSCRI></SCRIPT><OUTPUTSCAN state="1"><Inherit>N</Inherit><filterobjects/><HostFsc/><LoginFsc/></OUTPUTSCAN><POST_SCRIPT mode="1" replacementmode="1" state="1" tidy="1"><OSCRI/></POST_SCRIPT><DOCU_Docu state="1" type="text"><DOC/></DOCU_Docu><DOCU_Principal- state="1" type="xml"><DOC/></DOCU_Principal-></JOBS_WINDOWS></uc-export>